<?xml version="1.0" encoding="UTF-8"?>
<!--
    This XML file allows us to easily customize the look and language used
    in our program's user interface. Note that this properties file is only
    for the standard controls for an app from the SimpleAppFramework, so
    it would not include things initialized for the workspace, which is
    customizable.
-->
<properties>
    <property_list>
        <property name="APP_TITLE"	    value="goLogoLo"></property>
	<property name="APP_LOGO"	    value="goLogoLo.png"></property>
	<property name="APP_PATH_CSS"	    value="/m3/css/"></property>
	<property name="APP_CSS"	    value="m3_style.css"></property>

        <!-- PREFERRED GEOMETRY -->
        <property name="PREF_WIDTH"         value="800"></property>
        <property name="PREF_HEIGHT"        value="600"></property>
        <property name="START_MAXIMIZED"    value="true"></property>
        
        <!-- PROGRAM ICON FILES -->
        <property name="NEW_ICON"	    value="New.png"></property>
        <property name="LOAD_ICON"	    value="Load.png"></property>
        <property name="SAVE_ICON"	    value="Save.png"></property>
        <property name="EXIT_ICON"          value="Exit.png"></property> 
        
        <!-- TOOLTIPS FOR BUTTONS -->
        <property name="NEW_TOOLTIP"		value="Create a New Logo"></property>
        <property name="LOAD_TOOLTIP"		value="Load an Existing Logo"></property>
        <property name="SAVE_TOOLTIP"		value="Save this Logo"></property>
        <property name="EXIT_TOOLTIP"		value="Exit the Application"></property>
        
        <!-- ERROR MESSAGES -->
        <property name="CLOSE_BUTTON_TEXT"              value="Close"></property>

        <property name="NEW_ERROR_MESSAGE"              value="An error occured creating New work."></property>
        <property name="NEW_ERROR_TITLE"		value="New Work Error"></property>
        <property name="LOAD_ERROR_MESSAGE"             value="An error occured loading work."></property>
        <property name="LOAD_ERROR_TITLE"		value="Load Work Error"></property>
        <property name="SAVE_ERROR_MESSAGE"             value="An error occured saving work."></property>
        <property name="SAVE_ERROR_TITLE"		value="Save Work Error"></property>
        <property name="PROPERTIES_LOAD_ERROR_MESSAGE"	value="An error occured loading a properties file."></property>	
        <property name="PROPERTIES_LOAD_ERROR_TITLE"	value="Properties File Loading Error"></property>
	
        <!-- VERIFICATION MESSAGES -->
	
        <property name="NEW_COMPLETED_MESSAGE"		value="New Work Ready for Editing"></property>
        <property name="NEW_COMPLETED_TITLE"		value="New Work Created"></property>
        <property name="LOAD_COMPLETED_MESSAGE"		value="File Loading Completed and ready for editing"></property>
        <property name="LOAD_COMPLETED_TITLE"		value="Loading Completed"></property>
        <property name="SAVE_COMPLETED_MESSAGE"		value="File Saving Completed"></property>
        <property name="SAVE_COMPLETED_TITLE"		value="Saving Completed"></property>
        <property name="SAVE_UNSAVED_WORK_MESSAGE"	value="Would you like to save your unsaved work first?"></property>
        <property name="SAVE_UNSAVED_WORK_TITLE"	value="Save unsaved work?"></property>
	
        <property name="NEW_CREATED_MESSAGE"		value="New Work Created but not yet Saved"></property>
        <property name="WORK_LOADED_MESSAGE"		value="The Work has been Loaded"></property>
        <property name="WORK_SAVED_MESSAGE"		value="The Work has been Saved"></property>
        <property name="SAVE_UNSAVED_WORK_MESSAGE"	value="Do you want to save your unsaved work first?"></property>
	<property name="SAVE_WORK_TITLE"		value="Save your work"></property>
	<property name="LOAD_WORK_TITLE"		value="Select work file to load"></property>
	<property name="WORK_FILE_EXT"			value="pm"></property>
	<property name="WORK_FILE_EXT_DESC"		value="goLogoLo Files"></property>

        <!-- PROGRAM ICON FILES -->
	<property name="SELECTION_TOOL_ICON"	value="SelectionTool.png"></property>
	<property name="REMOVE_ICON"		value="Remove.png"></property>
        <property name="RECTANGLE_ICON"		value="Rect.png"></property>
	<property name="ELLIPSE_ICON"		value="Ellipse.png"></property>
	<property name="MOVE_TO_FRONT_ICON"	value="MoveToFront.png"></property>
	<property name="MOVE_TO_BACK_ICON"	value="MoveToBack.png"></property>
	<property name="SNAPSHOT_ICON"		value="Snapshot.png"></property>
        
        <!-- TOOLTIPS FOR BUTTONS -->
	<property name="SELECTION_TOOL_TOOLTIP"	    value="Use Shape Selection Tool"></property>
        <property name="REMOVE_ELEMENT_TOOLTIP"	    value="Remove Element"></property>
	<property name="RECTANGLE_TOOLTIP"	    value="Draw Rectangle"></property>
	<property name="ELLIPSE_TOOLTIP"	    value="Draw Ellipse"></property>
	<property name="MOVE_TO_BACK_TOOLTIP"	    value="Move Shape to Back"></property>
	<property name="MOVE_TO_FRONT_TOOLTIP"	    value="Move Shape to Front"></property>
	<property name="BACKGROUND_TOOLTIP"	    value="Select Background Color"></property>
	<property name="FILL_TOOLTIP"		    value="Select Fill Color"></property>
	<property name="OUTLINE_TOOLTIP"	    value="Select Outline Color"></property>
	<property name="SNAPSHOT_TOOLTIP"	    value="Take Snapshot"></property>
	
	<!-- MESSAGES -->
	<property name="REMOVE_ELEMENT_MESSAGE"	    value="Are you sure you wish to remove that element?"></property>
		
	<!-- ERROR MESSAGES AND TITLES FOR THEIR DIALOGS -->
	<property name="ATTRIBUTE_UPDATE_ERROR_MESSAGE"	    value="WARNING: An error occured updating the element's attribute."></property>
	<property name="ATTRIBUTE_UPDATE_ERROR_TITLE"	    value="Attribute Update Error"></property>
	<property name="UPDATE_ERROR_MESSAGE"		    value="An error occured updating the UI"></property>
	<property name="UPDATE_ERROR_TITLE"		    value="UI Update Error"></property>
                
    </property_list>
    <property_options_list>
    </property_options_list>
</properties>