<?xml version="1.0" encoding="UTF-8"?>
<project-private xmlns="http://www.netbeans.org/ns/project-private/1">
    <editor-bookmarks xmlns="http://www.netbeans.org/ns/editor-bookmarks/2" lastBookmarkId="0"/>
    <open-files xmlns="http://www.netbeans.org/ns/projectui-open-files/2">
        <group>
            <file>file:/Users/aaronsuen/NetBeansProjects/Metro_Map_Maker/MetroMapMaker/src/m3/css/m3_style.css</file>
            <file>file:/Users/aaronsuen/NetBeansProjects/Metro_Map_Maker/MetroMapMaker/src/m3/data/DraggableStation.java</file>
            <file>file:/Users/aaronsuen/NetBeansProjects/Metro_Map_Maker/MetroMapMaker/src/djf/MetroMapMakerApp.java</file>
            <file>file:/Users/aaronsuen/NetBeansProjects/Metro_Map_Maker/MetroMapMaker/src/m3/css/m3Style.java</file>
            <file>file:/Users/aaronsuen/NetBeansProjects/Metro_Map_Maker/MetroMapMaker/src/m3/data/DraggableLabel.java</file>
            <file>file:/Users/aaronsuen/NetBeansProjects/Metro_Map_Maker/MetroMapMaker/src/m3/gui/m3Workspace.java</file>
            <file>file:/Users/aaronsuen/NetBeansProjects/Metro_Map_Maker/MetroMapMaker/src/m3/data/DraggableImage.java</file>
            <file>file:/Users/aaronsuen/NetBeansProjects/Metro_Map_Maker/MetroMapMaker/src/m3/gui/MapEditController.java</file>
            <file>file:/Users/aaronsuen/NetBeansProjects/Metro_Map_Maker/MetroMapMaker/src/m3/data/m3State.java</file>
            <file>file:/Users/aaronsuen/NetBeansProjects/Metro_Map_Maker/MetroMapMaker/src/m3/file/m3Files.java</file>
            <file>file:/Users/aaronsuen/NetBeansProjects/Metro_Map_Maker/MetroMapMaker/src/m3/data/m3Data.java</file>
        </group>
    </open-files>
</project-private>
